ID;UTC;LAT;LON;NSAT;CELSIUS;BAT;VOLBAT
20;807608675;43,54649;-5,6664476;4;2314;970;4161
20;807608676;43,5464902;-5,6664352;4;2317;970;4161
20;807608677;43,5464985;-5,6664409;4;2317;970;4164
20;807608678;43,5465013;-5,666438;4;2318;970;4164
20;807608679;43,5465003;-5,666436;4;2319;970;4164
20;807608680;43,5465017;-5,6664369;4;2321;970;4164
20;807608681;43,5465006;-5,66644;4;2322;970;4164
20;807608682;43,5465001;-5,6664405;4;2323;970;4164
20;807608683;43,5464961;-5,6664396;4;2324;970;4164
20;807608684;43,5464931;-5,6664384;4;2325;970;4165
20;807608685;43,5464904;-5,6664388;4;2325;970;4164
20;807608686;43,546488;-5,6664404;4;2325;970;4162
20;807608687;43,5464865;-5,6664369;4;2326;970;4162
20;807608688;43,5464829;-5,6664364;4;2327;970;4165
20;807608689;43,5464821;-5,666438;4;2328;970;4164
20;807608690;43,5464819;-5,6664386;4;2330;970;4166
20;807608691;43,5464835;-5,6664373;4;2331;970;4162
20;807608692;43,5464846;-5,6664382;4;2332;970;4162
20;807608693;43,5464852;-5,666439;4;2333;970;4164
20;807608694;43,5464864;-5,6664412;4;2334;970;4165
20;807608695;43,5464875;-5,6664441;4;2336;970;4165
20;807608696;43,5464896;-5,666446;4;2336;970;4162
20;807608697;43,5464913;-5,6664468;4;2337;970;4164
20;807608698;43,5464915;-5,6664463;4;2336;970;4161
20;807608699;43,5464922;-5,666444;4;2336;970;4162
20;807608700;43,546493;-5,6664372;4;2336;970;4164
20;807608701;43,5464991;-5,6664375;5;2337;970;4164
20;807608702;43,5464973;-5,6664412;5;2338;970;4164
20;807608703;43,5464976;-5,6664471;5;2339;970;4165
20;807608704;43,5465007;-5,6664606;5;2339;970;4162
20;807608705;43,5464966;-5,6664777;5;2341;970;4164
20;807608706;43,5465035;-5,6664708;4;2342;970;4162
20;807608707;43,5465065;-5,6664705;4;2342;970;4164
20;807608708;43,5465082;-5,6664715;4;2342;970;4164
20;807608709;43,5465093;-5,6664717;4;2341;970;4162
20;807608710;43,5465072;-5,6664706;5;2342;970;4164
20;807608711;43,5465061;-5,6664699;5;2342;970;4164
20;807608712;43,5465056;-5,6664703;5;2342;970;4162
20;807608713;43,5465073;-5,6664717;5;2342;970;4165
20;807608714;43,5465044;-5,6664725;5;2342;970;4165
20;807608715;43,5464947;-5,6664663;5;2341;970;4162
20;807608716;43,5464973;-5,6664692;5;2342;970;4164
20;807608717;43,5464953;-5,6664709;5;2345;970;4164
20;807608718;43,5464941;-5,666473;5;2350;970;4165
20;807608719;43,5464937;-5,6664873;5;2354;970;4161
20;807608720;43,5464958;-5,6664891;5;2355;970;4161
20;807608721;43,5465033;-5,6664909;5;2361;970;4162
20;807608722;43,5465041;-5,6664876;5;2365;970;4164
20;807608723;43,5465087;-5,6664853;5;2365;970;4162
20;807608724;43,5465145;-5,6664839;5;2365;970;4161
20;807608725;43,5465142;-5,6664861;5;2364;970;4165
20;807608726;43,5465112;-5,6664857;5;2363;970;4164
20;807608727;43,5465093;-5,6664878;5;2361;970;4164
20;807608728;43,5465066;-5,6664889;5;2360;970;4164
20;807608729;43,5465094;-5,6664867;5;2358;970;4165
20;807608730;43,5465082;-5,6664912;5;2356;970;4164
20;807608731;43,5465078;-5,6664942;5;2355;970;4162
20;807608732;43,546508;-5,6664945;5;2353;970;4165
20;807608733;43,5465091;-5,6664941;5;2351;970;4164
20;807608734;43,5465087;-5,6664951;5;2349;970;4164
20;807608735;43,546509;-5,6664925;5;2348;970;4164
20;807608736;43,546508;-5,6664949;5;2347;970;4166
20;807608737;43,5465074;-5,6664959;5;2346;970;4164
20;807608738;43,5465068;-5,6664963;5;2345;970;4162
20;807608739;43,5465096;-5,6664893;5;2344;970;4164
20;807608740;43,5465102;-5,6664912;5;2342;970;4162
20;807608741;43,5465119;-5,6664921;5;2342;970;4161
20;807608742;43,546514;-5,6664887;5;2341;970;4161
20;807608743;43,5465136;-5,6664907;5;2341;970;4164
20;807608744;43,5465142;-5,6664893;5;2342;970;4164
20;807608745;43,5465145;-5,6664881;5;2341;970;4164
20;807608746;43,5465142;-5,6664893;5;2341;970;4162
20;807608747;43,546517;-5,6664841;5;2342;970;4164
20;807608748;43,5465187;-5,6664826;5;2342;970;4162
20;807608749;43,5465188;-5,6664816;5;2342;970;4161
20;807608750;43,5465218;-5,6664703;5;2343;970;4165
20;807608751;43,5465233;-5,6664711;5;2343;970;4160
20;807608752;43,5465243;-5,6664721;5;2343;970;4162
20;807608753;43,5465275;-5,6664712;5;2342;970;4164
20;807608754;43,5465263;-5,6664715;5;2342;970;4162
20;807608755;43,5465259;-5,6664731;5;2341;970;4161
20;807608756;43,546524;-5,6664752;5;2340;970;4162
20;807608757;43,546521;-5,6664745;5;2338;970;4164
20;807608758;43,5465162;-5,6664735;5;2336;970;4162
20;807608759;43,5465097;-5,6664713;5;2336;970;4164
20;807608760;43,5465114;-5,6664705;5;2334;970;4161
20;807608761;43,5465146;-5,6664639;5;2332;970;4160
20;807608762;43,5465159;-5,6664651;5;2331;970;4162
20;807608763;43,5465165;-5,6664617;5;2330;970;4161
20;807608764;43,5465155;-5,6664561;5;2330;970;4161
20;807608765;43,5465182;-5,6664612;5;2328;970;4162
20;807608766;43,5465163;-5,6664561;5;2328;970;4164
20;807608767;43,5465157;-5,6664602;5;2328;970;4165
20;807608768;43,546518;-5,6664645;5;2330;970;4164
20;807608769;43,5465175;-5,6664663;5;2330;970;4161
20;807608770;43,546519;-5,6664633;5;2330;970;4162
20;807608771;43,5465221;-5,6664561;5;2331;970;4164
20;807608772;43,5465205;-5,6664551;5;2331;970;4162
20;807608773;43,5465187;-5,6664576;5;2332;970;4161
20;807608774;43,5465171;-5,6664684;5;2332;970;4162
20;807608775;43,546517;-5,666471;5;2331;970;4162
20;807608776;43,5465118;-5,6664746;5;2330;970;4162
20;807608777;43,5465107;-5,6664755;5;2331;970;4164
20;807608778;43,5465101;-5,666474;4;2330;970;4162
20;807608779;43,5465121;-5,6664854;5;2330;970;4162
20;807608780;43,546514;-5,6664918;5;2330;970;4162
20;807608781;43,5465131;-5,6665022;5;2330;970;4165
20;807608782;43,5465132;-5,6665048;5;2330;970;4162
20;807608783;43,5465109;-5,6665126;5;2330;970;4161
20;807608784;43,5465122;-5,666516;5;2330;970;4162
20;807608785;43,5465104;-5,6665187;5;2330;970;4164
20;807608786;43,5465084;-5,6665263;5;2331;970;4164
20;807608787;43,5465068;-5,6665281;5;2332;970;4164
20;807608788;43,5465066;-5,6665237;4;2332;970;4161
20;807608789;43,5465001;-5,6665334;5;2333;970;4164
20;807608790;43,5465006;-5,6665318;5;2334;970;4164
20;807608791;43,5465015;-5,666527;5;2335;970;4164
20;807608792;43,5465018;-5,6665209;5;2336;970;4162
20;807608793;43,5465023;-5,666516;5;2337;970;4162
20;807608794;43,5465012;-5,6665129;5;2339;970;4164
20;807608795;43,5465015;-5,6665097;5;2341;970;4160
20;807608796;43,5465046;-5,6665033;5;2342;970;4160
20;807608797;43,5465051;-5,6665021;5;2342;970;4160
20;807608798;43,546504;-5,6664998;5;2342;970;4160
20;807608799;43,5465044;-5,6664974;5;2344;970;4160
20;807608800;43,5465062;-5,6664937;5;2344;970;4160
20;807608801;43,5465086;-5,6664912;5;2345;970;4160
20;807608802;43,5465105;-5,6664907;5;2346;970;4160
20;807608803;43,5465082;-5,6664919;5;2348;970;4162
20;807608804;43,54651;-5,6664926;5;2348;970;4162
20;807608805;43,5465082;-5,6664966;5;2350;970;4162
20;807608806;43,5465089;-5,666496;5;2350;970;4160
20;807608807;43,5465107;-5,6664992;5;2351;970;4159
20;807608808;43,5465109;-5,666498;5;2352;970;4160
20;807608809;43,5465102;-5,6664977;5;2351;970;4162
20;807608810;43,5465091;-5,6664978;5;2349;970;4161
20;807608811;43,5465129;-5,6664968;5;2350;970;4162
20;807608812;43,5465157;-5,6664949;5;2351;970;4164
20;807608813;43,5465162;-5,6664908;5;2352;970;4162
20;807608814;43,546517;-5,666495;5;2354;970;4161
20;807608815;43,546521;-5,6664954;5;2354;970;4164
20;807608816;43,5465244;-5,666492;5;2356;970;4162
20;807608817;43,5465206;-5,6664922;5;2357;970;4162
20;807608818;43,5465178;-5,6664949;5;2357;970;4164
20;807608819;43,5465185;-5,6664933;5;2358;970;4162
20;807608820;43,5465195;-5,6664912;5;2359;970;4162
20;807608821;43,5465225;-5,6664881;5;2360;970;4162
20;807608822;43,5465244;-5,6664856;5;2360;970;4162
20;807608823;43,5465257;-5,6664836;5;2361;970;4161
20;807608824;43,5465234;-5,6664829;5;2361;970;4165
20;807608825;43,5465216;-5,6664829;5;2362;970;4162
20;807608826;43,5465193;-5,6664869;5;2363;970;4164
20;807608827;43,5465232;-5,6664822;5;2364;970;4161
20;807608828;43,5465264;-5,6664782;5;2365;970;4164
20;807608829;43,5465267;-5,6664751;5;2365;970;4165
20;807608830;43,5465286;-5,6664703;5;2366;970;4165
20;807608831;43,5465302;-5,6664672;5;2367;970;4165
20;807608832;43,5465311;-5,6664636;5;2367;970;4160
20;807608833;43,546532;-5,6664621;5;2367;970;4161
20;807608834;43,5465336;-5,6664599;5;2368;970;4164
20;807608835;43,5465346;-5,6664579;5;2369;970;4165
20;807608836;43,5465354;-5,6664561;5;2369;970;4162
20;807608837;43,5465357;-5,666454;5;2370;970;4161
20;807608838;43,5465348;-5,6664526;5;2371;970;4162
20;807608839;43,5465349;-5,6664512;5;2372;970;4164
20;807608840;43,5465361;-5,6664514;5;2372;970;4162
20;807608841;43,5465346;-5,6664512;5;2373;970;4162
20;807608842;43,5465333;-5,6664508;5;2372;970;4164
20;807608843;43,5465327;-5,6664517;5;2372;970;4164
20;807608844;43,5465318;-5,6664526;5;2372;970;4164
20;807608845;43,5465312;-5,666454;5;2370;970;4161
20;807608846;43,5465294;-5,6664549;5;2367;970;4161
20;807608847;43,5465286;-5,666455;5;2366;970;4161
20;807608848;43,5465286;-5,6664541;5;2367;970;4162
20;807608849;43,5465281;-5,666454;5;2366;970;4162
20;807608850;43,5465271;-5,666455;5;2367;970;4164
20;807608851;43,5465271;-5,6664558;5;2367;970;4164
20;807608852;43,5465264;-5,6664567;5;2367;970;4162
20;807608853;43,546526;-5,6664573;5;2367;970;4161
20;807608854;43,5465261;-5,6664576;5;2367;970;4161
20;807608855;43,5465261;-5,6664582;5;2366;970;4165
20;807608856;43,5465282;-5,6664582;5;2365;970;4165
20;807608857;43,5465275;-5,6664584;5;2363;970;4164
20;807608858;43,5465266;-5,6664586;5;2361;970;4161
20;807608859;43,5465271;-5,6664582;5;2361;970;4162
20;807608860;43,5465262;-5,666458;5;2360;970;4161
20;807608861;43,5465267;-5,6664578;5;2358;970;4161
20;807608862;43,5465262;-5,6664574;5;2357;970;4164
20;807608863;43,5465267;-5,6664565;5;2355;970;4160
20;807608864;43,5465268;-5,6664543;5;2355;970;4160
20;807608865;43,5465255;-5,6664524;5;2354;970;4162
20;807608866;43,5465264;-5,6664525;5;2354;970;4164
20;807608867;43,5465308;-5,6664582;5;2354;970;4162
20;807608868;43,5465351;-5,6664607;4;2354;970;4161
20;807608869;43,546542;-5,6664658;4;2354;970;4164
20;807608870;43,5465451;-5,66647;5;2354;970;4161
20;807608871;43,5465453;-5,6664698;5;2354;970;4164
20;807608872;43,5465352;-5,6664618;5;2354;970;4161
20;807608873;43,546535;-5,6664609;5;2354;970;4161
20;807608874;43,5465351;-5,6664617;5;2354;970;4165
20;807608875;43,5465371;-5,6664634;5;2354;970;4165
20;807608876;43,5465382;-5,6664635;5;2354;970;4164
20;807608877;43,5465384;-5,6664634;5;2354;970;4164
20;807608878;43,5465384;-5,6664629;5;2355;970;4161
20;807608879;43,5465388;-5,6664622;5;2355;970;4164
20;807608880;43,5465384;-5,6664618;5;2356;970;4165
20;807608881;43,546538;-5,666462;5;2357;970;4164
20;807608882;43,5465375;-5,6664575;5;2358;970;4161
20;807608883;43,5465377;-5,666455;5;2360;970;4160
20;807608884;43,5465358;-5,6664543;5;2360;970;4160
20;807608885;43,5465358;-5,666457;5;2361;970;4162
20;807608886;43,5465374;-5,6664564;5;2363;970;4160
20;807608887;43,5465386;-5,6664553;5;2364;970;4162
20;807608888;43,5465378;-5,6664541;5;2366;970;4162
20;807608889;43,5465359;-5,6664493;5;2368;970;4162
20;807608890;43,5465334;-5,6664468;5;2369;970;4161
20;807608891;43,5465311;-5,6664459;5;2371;970;4162
20;807608892;43,5465304;-5,6664459;5;2372;970;4161
20;807608893;43,5465299;-5,6664455;5;2373;970;4162
20;807608894;43,5465276;-5,6664445;5;2375;970;4160
20;807608895;43,5465249;-5,6664369;5;2375;970;4164
20;807608896;43,5465227;-5,6664318;5;2376;970;4164
20;807608897;43,5465285;-5,6664217;5;2377;970;4162
20;807608898;43,5465314;-5,6664193;5;2379;970;4162
20;807608899;43,5465349;-5,6664125;5;2379;970;4165
20;807608900;43,546533;-5,6664112;5;2379;970;4165
20;807608901;43,5465329;-5,6664108;5;2380;970;4162
20;807608902;43,5465345;-5,6664081;5;2380;970;4164
20;807608903;43,5465358;-5,666407;5;2380;970;4164
20;807608904;43,5465334;-5,6664095;5;2378;970;4164
20;807608905;43,5465329;-5,6664082;5;2377;970;4162
20;807608906;43,5465361;-5,6664089;5;2377;970;4164
20;807608907;43,5465389;-5,6664072;5;2376;970;4165
20;807608908;43,5465407;-5,6664072;5;2376;970;4162
20;807608909;43,5465403;-5,6664066;5;2377;970;4165
20;807608910;43,5465422;-5,6664134;5;2379;970;4162
20;807608911;43,5465436;-5,6664148;5;2379;970;4164
20;807608912;43,5465472;-5,6664176;5;2379;970;4164
20;807608913;43,5465484;-5,6664241;4;2379;970;4164
20;807608914;43,5465487;-5,6664228;4;2379;970;4164
20;807608915;43,5465493;-5,6664131;4;2379;970;4164
20;807608916;43,5465531;-5,666417;4;2379;970;4164
20;807608917;43,5465526;-5,6664209;5;2380;970;4164
20;807608918;43,5465514;-5,6664207;5;2382;970;4164
20;807608919;43,5465502;-5,6664202;5;2382;970;4164
20;807608920;43,5465561;-5,666408;5;2382;970;4164
20;807608921;43,5465542;-5,6664091;5;2382;970;4164
20;807608922;43,5465503;-5,6664114;5;2382;970;4164
20;807608923;43,5465486;-5,6664142;5;2382;970;4164
20;807608924;43,5465461;-5,6664175;5;2382;970;4164
20;807608925;43,5465385;-5,6664185;5;2382;970;4164
20;807608926;43,5465374;-5,6664326;5;2383;970;4164
20;807608927;43,5465395;-5,6664333;5;2383;970;4164
20;807608928;43,5465367;-5,6664403;5;2384;970;4164
20;807608929;43,546539;-5,6664379;5;2384;970;4164
20;807608930;43,5465383;-5,6664342;5;2385;970;4164
20;807608931;43,5465374;-5,6664316;5;2386;970;4164
20;807608932;43,5465336;-5,6664317;5;2386;970;4164
20;807608933;43,5465289;-5,6664353;5;2386;970;4164
20;807608934;43,5465267;-5,6664355;5;2385;970;4164
20;807608935;43,5465287;-5,6664347;5;2385;970;4164
20;807608936;43,5465278;-5,6664357;5;2384;970;4164
20;807608937;43,5465259;-5,6664353;5;2383;970;4164
20;807608938;43,5465253;-5,6664345;5;2381;970;4164
20;807608939;43,5465245;-5,6664336;5;2380;970;4164
20;807608940;43,5465259;-5,6664326;5;2379;970;4164
20;807608941;43,5465263;-5,6664335;5;2378;970;4164
20;807608942;43,5465254;-5,6664312;5;2376;970;4164
20;807608943;43,5465243;-5,666432;5;2376;970;4164
20;807608944;43,5465238;-5,6664326;5;2376;970;4164
20;807608945;43,5465234;-5,6664332;5;2375;970;4164
20;807608946;43,5465231;-5,6664344;5;2376;970;4164
20;807608947;43,5465227;-5,6664349;5;2376;970;4164
20;807608948;43,5465205;-5,6664357;5;2377;970;4164
20;807608949;43,5465186;-5,6664363;5;2379;970;4164
20;807608950;43,5465179;-5,6664371;5;2379;970;4164
20;807608951;43,5465168;-5,6664374;5;2381;970;4164
20;807608952;43,5465161;-5,6664378;5;2383;970;4164
20;807608953;43,5465159;-5,6664379;5;2384;970;4164
20;807608954;43,5465151;-5,6664382;5;2385;970;4164
20;807608955;43,5465159;-5,6664381;5;2385;970;4164
20;807608956;43,5465154;-5,6664383;5;2386;970;4164
20;807608957;43,5465151;-5,6664392;5;2387;970;4161
20;807608958;43,5465161;-5,6664391;5;2389;970;4161
20;807608959;43,546517;-5,6664393;5;2389;970;4161
20;807608960;43,546517;-5,6664409;5;2391;970;4161
20;807608961;43,5465163;-5,6664423;5;2392;970;4161
20;807608962;43,5465161;-5,6664436;5;2393;970;4161
20;807608963;43,5465163;-5,6664446;5;2394;970;4161
20;807608964;43,5465151;-5,6664446;5;2394;970;4161
20;807608965;43,5465154;-5,6664448;6;2395;970;4161
20;807608966;43,546517;-5,6664435;6;2394;970;4161
20;807608967;43,5465168;-5,6664444;6;2394;970;4161
20;807608968;43,5465158;-5,6664472;6;2393;970;4161
20;807608969;43,5465166;-5,6664485;6;2392;970;4161
20;807608970;43,5465176;-5,6664525;6;2391;970;4161
20;807608971;43,5465191;-5,6664524;6;2391;970;4161
20;807608972;43,546518;-5,6664506;6;2391;970;4161
20;807608973;43,5465181;-5,6664503;6;2389;970;4161
20;807608974;43,5465195;-5,6664509;6;2388;970;4161
20;807608975;43,5465202;-5,6664523;6;2386;970;4161
20;807608976;43,5465203;-5,6664523;6;2385;970;4161
20;807608977;43,5465199;-5,6664532;6;2385;970;4161
20;807608978;43,5465186;-5,6664531;6;2384;970;4161
20;807608979;43,5465194;-5,6664525;6;2384;970;4161
20;807608980;43,5465203;-5,6664516;6;2385;970;4161
20;807608981;43,5465207;-5,6664517;6;2385;970;4161
20;807608982;43,546521;-5,6664522;6;2385;970;4161
20;807608983;43,5465218;-5,6664528;6;2386;970;4161
20;807608984;43,5465212;-5,6664524;6;2387;970;4161
20;807608985;43,5465213;-5,6664536;6;2388;970;4161
20;807608986;43,546521;-5,6664529;6;2389;970;4161
20;807608987;43,54652;-5,6664538;6;2389;970;4161
20;807608988;43,54652;-5,6664539;6;2389;970;4161
20;807608989;43,5465188;-5,6664535;6;2391;970;4161
20;807608990;43,546518;-5,6664534;6;2391;970;4161
20;807608991;43,5465183;-5,6664532;6;2392;970;4161
20;807608992;43,5465188;-5,6664547;6;2393;970;4161
20;807608993;43,5465186;-5,6664562;6;2394;970;4161
20;807608994;43,5465182;-5,6664567;6;2394;970;4161
20;807608995;43,5465173;-5,6664566;6;2395;970;4161
20;807608996;43,5465161;-5,6664561;6;2396;970;4161
20;807608997;43,5465156;-5,6664551;6;2397;970;4161
20;807608998;43,5465141;-5,6664557;6;2396;970;4161
20;807608999;43,5465122;-5,6664566;6;2396;970;4161
20;807609000;43,5465111;-5,666457;6;2397;970;4161
20;807609001;43,5465106;-5,6664578;6;2396;970;4161
20;807609002;43,5465092;-5,6664589;6;2395;970;4162
20;807609003;43,5465075;-5,6664595;6;2395;970;4162
20;807609004;43,5465066;-5,6664603;6;2395;970;4162
20;807609005;43,5465061;-5,6664614;6;2397;970;4162
20;807609006;43,5465054;-5,6664636;6;2398;970;4162
20;807609007;43,5465047;-5,6664648;6;2398;970;4162
20;807609008;43,5465043;-5,6664667;6;2398;970;4162
20;807609009;43,5465033;-5,666468;6;2400;970;4162
20;807609010;43,5465036;-5,6664688;6;2401;970;4162
20;807609011;43,5465023;-5,6664714;6;2403;970;4162
20;807609012;43,5465028;-5,6664722;6;2404;970;4162
20;807609013;43,546503;-5,6664719;6;2404;970;4162
20;807609014;43,5465035;-5,6664709;6;2405;970;4162
20;807609015;43,5465014;-5,6664713;6;2405;970;4162
20;807609016;43,5465017;-5,6664705;6;2406;970;4162
20;807609017;43,5465014;-5,6664703;6;2409;970;4162
20;807609018;43,5465014;-5,6664695;6;2409;970;4162
20;807609019;43,5465004;-5,6664712;6;2410;970;4162
20;807609020;43,5465011;-5,6664714;6;2412;970;4162
20;807609021;43,5465022;-5,6664706;6;2413;970;4162
20;807609022;43,5465023;-5,6664716;6;2415;970;4162
20;807609023;43,5465017;-5,6664725;6;2416;970;4162
20;807609024;43,5465019;-5,6664732;6;2416;970;4162
20;807609025;43,5465009;-5,6664732;6;2416;970;4162
20;807609026;43,546502;-5,6664729;6;2416;970;4162
20;807609027;43,546503;-5,6664738;6;2417;970;4162
20;807609028;43,5465048;-5,666474;6;2418;970;4162
20;807609029;43,5465059;-5,6664736;6;2418;970;4162
20;807609030;43,5465084;-5,6664737;6;2418;970;4162
20;807609031;43,5465109;-5,6664735;6;2418;970;4162
20;807609032;43,5465132;-5,6664717;6;2418;970;4162
20;807609033;43,5465124;-5,666471;6;2419;970;4162
20;807609034;43,5465121;-5,6664704;5;2420;970;4162
20;807609035;43,5465141;-5,6664696;5;2421;970;4162
20;807609036;43,5465151;-5,6664692;6;2422;970;4162
20;807609037;43,5465186;-5,6664653;6;2422;970;4162
20;807609038;43,5465207;-5,6664658;6;2422;970;4162
20;807609039;43,5465157;-5,6664682;6;2422;970;4162
20;807609040;43,5465136;-5,6664704;6;2422;970;4162
20;807609041;43,546513;-5,6664724;6;2423;970;4162
20;807609042;43,546513;-5,6664725;6;2425;970;4162
20;807609043;43,5465156;-5,6664739;6;2425;970;4162
20;807609044;43,546515;-5,6664732;6;2424;970;4162
20;807609045;43,5465178;-5,6664738;6;2425;970;4162
20;807609046;43,54652;-5,6664727;6;2426;970;4162
20;807609047;43,546521;-5,6664723;6;2427;970;4161
20;807609048;43,5465216;-5,6664722;6;2428;970;4161
20;807609049;43,5465228;-5,6664714;6;2430;970;4161
20;807609050;43,5465234;-5,6664695;6;2433;970;4161
20;807609051;43,5465247;-5,6664685;6;2434;970;4161
20;807609052;43,5465245;-5,6664662;6;2436;970;4161
20;807609053;43,5465199;-5,6664635;6;2439;970;4161
20;807609054;43,5465163;-5,6664616;6;2440;970;4161
20;807609055;43,5465177;-5,6664619;6;2441;970;4161
20;807609056;43,5465177;-5,6664619;6;2442;970;4161
20;807609057;43,5465241;-5,6664642;6;2444;970;4161
20;807609058;43,5465291;-5,6664659;6;2446;970;4161
20;807609059;43,5465216;-5,6664636;6;2445;970;4161
20;807609060;43,5465133;-5,6664597;6;2447;970;4161
20;807609061;43,5465131;-5,6664603;6;2447;970;4161
20;807609062;43,5465174;-5,6664595;6;2447;970;4161
20;807609063;43,5465181;-5,6664583;6;2447;970;4161
20;807609064;43,5465131;-5,6664569;6;2448;970;4161
20;807609065;43,5465122;-5,6664566;6;2448;970;4161
20;807609066;43,5465133;-5,6664554;6;2447;970;4161
20;807609067;43,5465161;-5,6664551;6;2447;970;4161
20;807609068;43,5465182;-5,6664543;6;2446;970;4161
20;807609069;43,5465185;-5,66646;6;2446;970;4161
20;807609070;43,5465212;-5,6664594;6;2446;970;4161
20;807609071;43,5465214;-5,6664648;6;2443;970;4161
20;807609072;43,5465216;-5,6664667;6;2443;970;4161
20;807609073;43,5465251;-5,6664665;6;2445;970;4161
20;807609074;43,5465261;-5,6664661;6;2445;970;4161
20;807609075;43,5465293;-5,6664662;6;2445;970;4161
20;807609076;43,5465321;-5,6664648;6;2447;970;4161
20;807609077;43,5465345;-5,6664677;6;2447;970;4161
20;807609078;43,5465361;-5,6664675;6;2448;970;4161
20;807609079;43,5465373;-5,6664687;6;2449;970;4161
20;807609080;43,5465382;-5,6664718;6;2450;970;4161
20;807609081;43,5465389;-5,6664719;6;2451;970;4161
20;807609082;43,54654;-5,6664713;6;2453;970;4161
20;807609083;43,5465403;-5,6664695;6;2453;970;4161
20;807609084;43,5465411;-5,6664679;6;2454;970;4161
20;807609085;43,5465436;-5,6664668;6;2455;970;4161
20;807609086;43,5465434;-5,6664655;6;2457;970;4161
20;807609087;43,5465427;-5,666463;6;2459;970;4161
20;807609088;43,5465444;-5,6664589;6;2459;970;4161
20;807609089;43,5465456;-5,666457;6;2460;970;4161
20;807609090;43,5465487;-5,6664564;6;2461;970;4161
20;807609091;43,5465485;-5,666456;6;2462;970;4161
20;807609092;43,5465494;-5,6664559;6;2463;970;4161
20;807609093;43,5465488;-5,6664573;6;2464;970;4161
20;807609094;43,5465472;-5,6664576;6;2465;970;4161
20;807609095;43,5465512;-5,6664571;6;2466;970;4161
20;807609096;43,5465521;-5,6664564;5;2466;970;4161
20;807609097;43,5465527;-5,6664565;5;2468;970;4161
20;807609098;43,5465541;-5,6664558;6;2469;970;4161
20;807609099;43,5465571;-5,6664535;6;2470;970;4161
20;807609100;43,5465592;-5,666451;6;2470;970;4161
20;807609101;43,5465614;-5,6664501;6;2471;970;4161
20;807609102;43,5465598;-5,6664499;6;2471;970;4161
20;807609103;43,5465593;-5,6664493;6;2473;970;4161
20;807609104;43,5465593;-5,6664471;6;2474;970;4161
20;807609105;43,5465583;-5,6664443;5;2475;970;4161
20;807609106;43,5465581;-5,6664432;6;2476;970;4161
20;807609107;43,5465578;-5,666442;6;2477;970;4161
20;807609108;43,5465566;-5,6664424;6;2477;970;4161
20;807609109;43,5465541;-5,666445;6;2477;970;4161
20;807609110;43,5465532;-5,6664462;6;2477;970;4161
20;807609111;43,5465515;-5,6664476;6;2477;970;4161
20;807609112;43,546552;-5,6664488;6;2476;970;4161
20;807609113;43,5465501;-5,6664487;6;2476;970;4161
20;807609114;43,5465486;-5,6664494;6;2475;970;4161
20;807609115;43,5465481;-5,666451;6;2476;970;4161
20;807609116;43,5465477;-5,6664517;6;2475;970;4161
20;807609117;43,5465463;-5,6664518;6;2476;970;4161
20;807609118;43,5465461;-5,6664524;6;2476;970;4161
20;807609119;43,5465448;-5,6664515;6;2475;970;4161
20;807609120;43,5465429;-5,6664512;6;2475;970;4161
20;807609121;43,5465412;-5,6664508;6;2475;970;4161
20;807609122;43,5465403;-5,6664508;6;2475;970;4161
20;807609123;43,5465393;-5,6664511;6;2475;970;4161
20;807609124;43,546537;-5,6664513;6;2475;970;4161
20;807609125;43,5465364;-5,6664508;7;2475;970;4161
20;807609126;43,5465354;-5,666452;7;2475;970;4161
20;807609127;43,5465349;-5,6664532;7;2474;970;4161
20;807609128;43,5465341;-5,6664558;7;2474;970;4161
20;807609129;43,5465344;-5,6664577;7;2474;970;4161
20;807609130;43,5465351;-5,6664585;7;2473;970;4161
20;807609131;43,5465343;-5,6664601;7;2473;970;4161
20;807609132;43,5465334;-5,6664646;7;2474;970;4161
20;807609133;43,5465358;-5,6664662;7;2473;970;4161
20;807609134;43,5465356;-5,666467;7;2473;970;4161
20;807609135;43,5465359;-5,6664654;7;2473;970;4161
20;807609136;43,5465362;-5,6664667;7;2473;970;4161
20;807609137;43,5465343;-5,6664671;7;2474;970;4161
20;807609138;43,5465331;-5,6664689;7;2475;970;4161
20;807609139;43,5465331;-5,66647;7;2476;970;4161
20;807609140;43,5465315;-5,6664717;7;2476;970;4161
20;807609141;43,5465311;-5,6664709;7;2477;970;4161
20;807609142;43,5465264;-5,6664703;7;2478;970;4161
20;807609143;43,5465192;-5,6664708;7;2479;970;4161
20;807609144;43,5465174;-5,6664715;7;2480;970;4161
20;807609145;43,5465194;-5,6664715;7;2481;970;4161
20;807609146;43,5465187;-5,6664706;7;2482;970;4161
20;807609147;43,5465121;-5,6664688;7;2483;970;4161
20;807609148;43,5465105;-5,6664687;7;2483;970;4161
20;807609149;43,5465094;-5,6664698;7;2484;970;4161
20;807609150;43,5465076;-5,6664719;7;2485;970;4161
20;807609151;43,5465036;-5,666474;7;2487;970;4161
20;807609152;43,5465004;-5,6664735;7;2488;970;4161
20;807609153;43,5464952;-5,666472;7;2489;970;4161
20;807609154;43,5464882;-5,6664708;7;2489;970;4161
20;807609155;43,5464893;-5,6664698;7;2490;970;4161
20;807609156;43,5464891;-5,6664706;7;2491;970;4161
20;807609157;43,5464895;-5,6664701;7;2492;970;4161
20;807609158;43,5464878;-5,6664701;7;2492;970;4161
20;807609159;43,5464868;-5,6664698;7;2493;970;4161
20;807609160;43,5464852;-5,6664682;7;2493;970;4161
20;807609161;43,5464835;-5,6664672;7;2493;970;4161
20;807609162;43,5464797;-5,6664671;7;2492;970;4161
20;807609163;43,5464792;-5,6664669;7;2493;970;4161
20;807609164;43,5464779;-5,6664666;7;2493;970;4161
20;807609165;43,5464773;-5,6664647;6;2493;970;4161
20;807609166;43,546476;-5,6664625;6;2495;970;4161
20;807609167;43,5464737;-5,6664618;6;2495;970;4161
20;807609168;43,5464725;-5,6664606;6;2495;970;4161
20;807609169;43,5464699;-5,6664619;6;2495;970;4161
20;807609170;43,5464685;-5,6664618;6;2495;970;4161
20;807609171;43,546468;-5,6664603;7;2495;970;4161
20;807609172;43,5464682;-5,6664601;7;2495;970;4161
20;807609173;43,5464692;-5,6664598;7;2496;970;4161
20;807609174;43,5464685;-5,6664609;7;2496;970;4161
20;807609175;43,5464683;-5,6664611;7;2497;970;4161
20;807609176;43,5464657;-5,6664629;7;2498;970;4161
20;807609177;43,5464643;-5,6664632;7;2498;970;4161
20;807609178;43,546463;-5,6664625;7;2498;970;4161
20;807609179;43,5464618;-5,666461;7;2499;970;4161
20;807609180;43,5464609;-5,666461;7;2500;970;4161
20;807609181;43,5464604;-5,6664599;7;2501;970;4161
20;807609182;43,5464593;-5,6664607;7;2501;970;4160
20;807609183;43,5464586;-5,6664616;7;2502;970;4160
20;807609184;43,5464583;-5,6664624;7;2503;970;4160
20;807609185;43,5464571;-5,666464;7;2504;970;4160
20;807609186;43,5464571;-5,666464;7;2506;970;4160
20;807609187;43,5464568;-5,6664644;7;2506;970;4160
20;807609188;43,5464558;-5,6664664;7;2507;970;4160
20;807609189;43,5464566;-5,6664682;7;2508;970;4160
20;807609190;43,5464554;-5,6664693;7;2508;970;4160
20;807609191;43,5464541;-5,6664709;7;2508;970;4160
20;807609192;43,5464535;-5,6664715;7;2508;970;4160
20;807609193;43,5464538;-5,6664722;7;2509;970;4160
20;807609194;43,5464545;-5,666473;7;2509;970;4160
20;807609195;43,5464559;-5,6664729;7;2510;970;4160
20;807609196;43,5464577;-5,6664721;7;2510;970;4160
20;807609197;43,5464599;-5,6664735;7;2511;970;4160
20;807609198;43,5464596;-5,6664726;7;2511;970;4160
20;807609199;43,546461;-5,6664725;7;2511;970;4160
20;807609200;43,5464624;-5,6664706;7;2511;970;4160
20;807609201;43,5464635;-5,6664705;7;2511;970;4160
20;807609202;43,5464643;-5,6664704;7;2511;970;4160
20;807609203;43,5464642;-5,6664699;7;2510;970;4160
20;807609204;43,546471;-5,6664731;7;2510;970;4160
20;807609205;43,5464696;-5,6664702;7;2510;970;4160
20;807609206;43,5464722;-5,6664701;7;2509;970;4160
20;807609207;43,5464789;-5,6664697;7;2509;970;4160
20;807609208;43,546484;-5,6664684;7;2509;970;4160
20;807609209;43,5464886;-5,6664681;7;2510;970;4160
20;807609210;43,5464919;-5,6664684;7;2511;970;4160
20;807609211;43,546494;-5,666468;7;2511;970;4160
20;807609212;43,5464957;-5,6664689;7;2513;970;4160
20;807609213;43,5464984;-5,6664694;7;2513;970;4160
20;807609214;43,5465004;-5,6664702;7;2514;970;4160
20;807609215;43,5465019;-5,6664696;7;2515;970;4160
20;807609216;43,5465028;-5,6664675;7;2516;970;4160
20;807609217;43,5465056;-5,6664671;7;2518;970;4160
20;807609218;43,5465055;-5,6664683;7;2519;970;4160
20;807609219;43,5465065;-5,6664691;7;2520;970;4160
20;807609220;43,5465071;-5,6664698;7;2521;970;4160
20;807609221;43,5465091;-5,6664696;7;2523;970;4160
20;807609222;43,5465086;-5,6664707;6;2524;970;4160
20;807609223;43,5465077;-5,6664705;7;2525;970;4160
20;807609224;43,5465074;-5,6664715;7;2526;970;4160
20;807609225;43,5465067;-5,6664725;7;2527;970;4160
20;807609226;43,546505;-5,6664734;7;2528;970;4160
20;807609227;43,5465039;-5,6664722;7;2529;970;4160
20;807609228;43,5465046;-5,6664737;7;2530;970;4160
20;807609229;43,5465031;-5,6664721;7;2531;970;4160
20;807609230;43,5465025;-5,6664718;7;2532;970;4160
20;807609231;43,5465031;-5,6664715;7;2533;970;4160
20;807609232;43,5465051;-5,6664702;7;2535;970;4160
20;807609233;43,546507;-5,6664698;7;2537;970;4160
20;807609234;43,5465056;-5,6664708;7;2537;970;4160
20;807609235;43,546505;-5,6664705;7;2537;970;4160
20;807609236;43,5465052;-5,6664719;7;2537;970;4160
20;807609237;43,5465046;-5,6664732;7;2535;970;4160
20;807609238;43,5465028;-5,6664769;7;2537;970;4160
20;807609239;43,5465023;-5,6664774;7;2538;970;4160
20;807609240;43,5465008;-5,6664808;7;2541;970;4160
20;807609241;43,5464994;-5,6664819;7;2543;970;4160
20;807609242;43,5464976;-5,6664847;7;2546;970;4160
20;807609243;43,5464963;-5,6664867;7;2548;970;4160
20;807609244;43,5464961;-5,6664868;7;2549;970;4160
20;807609245;43,5464959;-5,6664874;7;2552;970;4160
20;807609246;43,5464956;-5,6664893;7;2553;970;4160
20;807609247;43,5464976;-5,6664887;7;2554;970;4160
20;807609248;43,5464973;-5,666491;7;2555;970;4160
20;807609249;43,5464968;-5,6664913;7;2556;970;4160
20;807609250;43,5464973;-5,6664921;7;2558;970;4160
20;807609251;43,546499;-5,6664915;7;2560;970;4160
20;807609252;43,5464988;-5,6664921;7;2560;970;4160
20;807609253;43,5464995;-5,666491;7;2560;970;4160
20;807609254;43,5464994;-5,6664912;7;2561;970;4160
20;807609255;43,5464997;-5,6664917;7;2562;970;4160
20;807609256;43,5464999;-5,6664925;7;2562;970;4160
20;807609257;43,5465001;-5,6664936;7;2564;970;4160
20;807609258;43,5465019;-5,666493;7;2565;970;4160
20;807609259;43,5465014;-5,6664942;7;2566;970;4160
20;807609260;43,5465027;-5,666494;7;2566;970;4160
20;807609261;43,5465026;-5,6664947;7;2567;970;4160
20;807609262;43,5465031;-5,6664946;7;2568;970;4160
20;807609263;43,5465028;-5,6664946;7;2569;970;4160
20;807609264;43,5465031;-5,6664951;7;2569;970;4160
20;807609265;43,5465049;-5,6664939;7;2571;970;4160
20;807609266;43,546507;-5,6664917;7;2572;970;4160
20;807609267;43,5465065;-5,6664919;7;2573;970;4160
20;807609268;43,5465065;-5,6664901;7;2573;970;4160
20;807609269;43,546506;-5,6664899;7;2573;970;4160
20;807609270;43,5465036;-5,6664945;7;2573;970;4160
20;807609271;43,5465038;-5,6664939;7;2573;970;4161
20;807609272;43,5465048;-5,666493;7;2572;970;4161
20;807609273;43,5465053;-5,666494;7;2571;970;4161
20;807609274;43,546507;-5,6664931;7;2569;970;4161
20;807609275;43,5465079;-5,6664919;7;2568;970;4161
20;807609276;43,5465096;-5,6664894;7;2567;970;4161
20;807609277;43,5465082;-5,6664915;7;2566;970;4161
20;807609278;43,5465089;-5,6664897;7;2565;970;4161
20;807609279;43,5465087;-5,6664867;7;2564;970;4161
20;807609280;43,5465082;-5,6664869;7;2562;970;4161
20;807609281;43,5465082;-5,6664865;7;2561;970;4161
20;807609282;43,5465096;-5,6664842;7;2560;970;4161
20;807609283;43,5465089;-5,6664868;7;2559;970;4161
20;807609284;43,5465098;-5,6664904;7;2558;970;4161
20;807609285;43,5465128;-5,6664829;7;2558;970;4161
20;807609286;43,5465139;-5,6664814;7;2556;970;4161
20;807609287;43,546514;-5,6664793;7;2555;970;4161
20;807609288;43,5465128;-5,6664818;7;2555;970;4161
20;807609289;43,5465137;-5,6664795;7;2555;970;4161
20;807609290;43,5465153;-5,6664758;7;2555;970;4161
20;807609291;43,546516;-5,6664755;7;2555;970;4161
20;807609292;43,5465183;-5,666473;7;2555;970;4161
20;807609293;43,5465184;-5,6664725;7;2554;970;4161
20;807609294;43,5465186;-5,6664728;7;2553;970;4161
20;807609295;43,5465187;-5,6664727;7;2553;970;4161
20;807609296;43,546519;-5,666474;7;2554;970;4161
20;807609297;43,5465203;-5,6664735;7;2555;970;4161
20;807609298;43,5465201;-5,666474;7;2555;970;4161
20;807609299;43,5465206;-5,6664728;7;2556;970;4161
20;807609300;43,5465208;-5,6664742;7;2557;970;4161
20;807609301;43,5465212;-5,6664736;7;2559;970;4161
20;807609302;43,5465216;-5,6664699;7;2560;970;4161
20;807609303;43,5465204;-5,6664698;7;2561;970;4161
20;807609304;43,5465213;-5,666468;7;2561;970;4161
20;807609305;43,5465218;-5,6664666;7;2563;970;4161
20;807609306;43,5465216;-5,6664655;7;2564;970;4161
20;807609307;43,5465212;-5,666465;7;2565;970;4161
20;807609308;43,5465199;-5,6664658;6;2566;970;4161
20;807609309;43,5465182;-5,6664668;7;2567;970;4161
20;807609310;43,5465173;-5,6664679;7;2567;970;4161
20;807609311;43,5465166;-5,6664676;7;2568;970;4161
20;807609312;43,5465176;-5,6664678;7;2568;970;4161
20;807609313;43,546519;-5,666468;7;2568;970;4161
20;807609314;43,5465203;-5,6664672;7;2569;970;4161
20;807609315;43,5465208;-5,6664665;7;2569;970;4161
20;807609316;43,5465217;-5,6664649;7;2570;970;4160
20;807609317;43,5465216;-5,6664647;7;2571;970;4160
20;807609318;43,5465218;-5,6664635;7;2572;970;4160
20;807609319;43,5465207;-5,6664636;7;2572;970;4160
20;807609320;43,5465212;-5,6664628;7;2573;970;4160
20;807609321;43,546521;-5,6664627;7;2573;970;4160
20;807609322;43,5465219;-5,6664626;7;2573;970;4160
20;807609323;43,5465216;-5,666463;7;2573;970;4160
20;807609324;43,5465221;-5,6664622;7;2572;970;4160
20;807609325;43,5465231;-5,6664611;7;2571;970;4160
20;807609326;43,5465242;-5,6664591;7;2571;970;4160
20;807609327;43,546524;-5,6664591;7;2570;970;4160
20;807609328;43,5465242;-5,6664587;7;2569;970;4160
20;807609329;43,5465225;-5,6664593;7;2568;970;4160
20;807609330;43,5465218;-5,6664603;7;2567;970;4160
20;807609331;43,5465213;-5,6664598;7;2567;970;4160
20;807609332;43,5465213;-5,6664591;7;2567;970;4160
20;807609333;43,5465216;-5,6664577;7;2567;970;4160
20;807609334;43,5465201;-5,666458;6;2567;970;4160
20;807609335;43,5465187;-5,6664579;6;2567;970;4160
20;807609336;43,5465176;-5,6664582;6;2569;970;4160
20;807609337;43,5465167;-5,6664583;7;2570;970;4160
20;807609338;43,5465155;-5,6664583;7;2573;970;4160
20;807609339;43,546516;-5,6664565;7;2574;970;4160
20;807609340;43,5465152;-5,6664562;7;2574;970;4160
20;807609341;43,5465148;-5,666456;7;2577;970;4160
20;807609342;43,5465149;-5,6664551;7;2579;970;4160
20;807609343;43,5465146;-5,6664554;7;2579;970;4160
20;807609344;43,5465137;-5,6664568;7;2579;970;4160
20;807609345;43,5465123;-5,6664589;7;2580;970;4160
20;807609346;43,5465112;-5,6664598;7;2581;969;4160
20;807609347;43,5465098;-5,6664607;7;2582;969;4160
20;807609348;43,5465082;-5,6664619;7;2584;969;4160
20;807609349;43,5465064;-5,6664627;7;2584;969;4160
20;807609350;43,5465056;-5,6664618;7;2585;969;4160
20;807609351;43,5465062;-5,66646;7;2586;969;4160
20;807609352;43,5465058;-5,6664591;7;2587;969;4160
20;807609353;43,5465057;-5,6664583;7;2588;969;4160
20;807609354;43,5465068;-5,666457;7;2589;969;4160
20;807609355;43,5465073;-5,6664558;7;2588;969;4160
20;807609356;43,5465074;-5,6664554;7;2585;969;4160
20;807609357;43,5465072;-5,6664544;7;2585;969;4160
20;807609358;43,5465075;-5,6664532;7;2585;969;4160
20;807609359;43,5465092;-5,6664517;7;2586;969;4160
20;807609360;43,5465112;-5,6664503;7;2587;969;4160
20;807609361;43,5465112;-5,6664502;7;2587;969;4160
20;807609362;43,5465111;-5,6664508;7;2588;969;4160
20;807609363;43,5465092;-5,6664527;7;2587;969;4160
20;807609364;43,5465094;-5,6664534;7;2587;969;4160
20;807609365;43,546509;-5,6664543;7;2587;969;4160
20;807609366;43,5465044;-5,666457;7;2586;969;4160
20;807609367;43,5465011;-5,6664572;7;2585;969;4160
20;807609368;43,5464998;-5,6664565;7;2584;969;4160
20;807609369;43,5464959;-5,6664547;7;2583;969;4160
20;807609370;43,5464958;-5,6664528;7;2584;969;4160
20;807609371;43,5464968;-5,6664507;7;2584;969;4160
20;807609372;43,5464937;-5,6664528;7;2584;969;4160
20;807609373;43,5464931;-5,6664528;7;2584;969;4160
20;807609374;43,5464935;-5,6664521;7;2583;969;4160
20;807609375;43,546494;-5,6664551;7;2582;969;4160
20;807609376;43,5464942;-5,666457;7;2581;969;4160
20;807609377;43,5464942;-5,6664552;7;2579;969;4160
20;807609378;43,5464948;-5,666452;7;2578;969;4160
20;807609379;43,5464962;-5,666455;7;2576;969;4160
20;807609380;43,5464985;-5,6664537;7;2574;969;4160
20;807609381;43,5465016;-5,6664496;7;2572;969;4160
20;807609382;43,5464984;-5,6664563;7;2572;969;4160
20;807609383;43,5464976;-5,666454;7;2570;969;4160
20;807609384;43,5464964;-5,6664517;7;2567;969;4160
20;807609385;43,5464958;-5,6664492;7;2565;969;4160
20;807609386;43,5464944;-5,6664463;7;2563;969;4160
20;807609387;43,546495;-5,6664456;7;2561;969;4160
20;807609388;43,5464942;-5,6664465;6;2558;969;4160
20;807609389;43,5464938;-5,6664484;7;2557;969;4160
20;807609390;43,5464942;-5,6664483;6;2554;969;4160
20;807609391;43,546494;-5,6664484;7;2552;969;4160
20;807609392;43,546493;-5,6664481;7;2551;969;4160
20;807609393;43,5464936;-5,6664467;7;2550;969;4160
20;807609394;43,5464933;-5,6664467;7;2548;969;4160
20;807609395;43,5464927;-5,6664464;7;2547;969;4160
20;807609396;43,5464917;-5,6664474;7;2545;969;4160
20;807609397;43,5464907;-5,666448;7;2544;969;4160
20;807609398;43,5464901;-5,6664479;7;2544;969;4160
20;807609399;43,5464902;-5,666447;7;2544;969;4160
20;807609400;43,5464905;-5,6664471;7;2543;969;4160
20;807609401;43,5464897;-5,6664465;7;2541;969;4160
20;807609402;43,546488;-5,6664459;7;2540;969;4160
20;807609403;43,5464871;-5,6664456;7;2537;969;4160
20;807609404;43,5464873;-5,6664443;7;2537;969;4160
20;807609405;43,5464863;-5,6664449;7;2536;969;4160
20;807609406;43,546487;-5,6664455;7;2535;969;4157
20;807609407;43,5464882;-5,6664448;7;2533;969;4157
20;807609408;43,5464885;-5,6664451;7;2532;969;4157
20;807609409;43,5464866;-5,6664471;7;2531;969;4157
20;807609410;43,5464856;-5,6664483;7;2530;969;4157
20;807609411;43,546487;-5,6664484;7;2527;969;4157
20;807609412;43,5464866;-5,6664495;7;2525;969;4157
20;807609413;43,5464865;-5,66645;7;2522;969;4157
20;807609414;43,5464872;-5,6664499;7;2520;969;4157
20;807609415;43,546489;-5,6664497;7;2519;969;4157
20;807609416;43,5464913;-5,666451;7;2518;969;4157
20;807609417;43,5464917;-5,6664538;7;2517;969;4157
20;807609418;43,5464925;-5,6664544;7;2516;969;4157
20;807609419;43,5464932;-5,6664547;7;2516;969;4157
20;807609420;43,5464932;-5,6664559;7;2515;969;4157
20;807609421;43,5464943;-5,6664559;7;2515;969;4157
20;807609422;43,5464947;-5,6664546;7;2514;969;4157
20;807609423;43,5464957;-5,6664551;7;2514;969;4157
20;807609424;43,5464979;-5,6664547;7;2513;969;4157
20;807609425;43,5464999;-5,6664532;7;2511;969;4157
20;807609426;43,5465004;-5,6664516;7;2509;969;4157
20;807609427;43,5465007;-5,6664517;7;2507;969;4157
20;807609428;43,5465001;-5,6664532;7;2506;969;4157
20;807609429;43,5465011;-5,6664525;7;2506;969;4157
20;807609430;43,5465026;-5,6664508;8;2505;969;4157
20;807609431;43,5465037;-5,6664514;8;2502;969;4157
20;807609432;43,546504;-5,6664528;7;2501;969;4157
20;807609433;43,5465043;-5,6664534;8;2499;969;4157
20;807609434;43,5465049;-5,666454;8;2497;969;4157
20;807609435;43,5465053;-5,6664553;7;2495;969;4157
20;807609436;43,5465068;-5,6664558;8;2493;969;4157
20;807609437;43,5465077;-5,6664569;8;2492;969;4157
20;807609438;43,5465083;-5,6664582;7;2490;969;4157
20;807609439;43,5465084;-5,6664585;8;2489;969;4157
20;807609440;43,5465089;-5,6664611;8;2488;969;4157
20;807609441;43,5465089;-5,6664629;8;2488;969;4157
20;807609442;43,5465105;-5,6664637;8;2487;969;4157
20;807609443;43,5465112;-5,666463;8;2485;969;4157
20;807609444;43,5465107;-5,6664642;8;2484;969;4157
20;807609445;43,546511;-5,666464;8;2484;969;4157
20;807609446;43,5465116;-5,6664639;8;2483;969;4157
20;807609447;43,5465118;-5,666465;8;2483;969;4157
20;807609448;43,5465124;-5,666466;8;2481;969;4157
20;807609449;43,5465122;-5,6664654;8;2480;969;4157
20;807609450;43,5465136;-5,6664648;8;2480;969;4157
20;807609451;43,5465156;-5,6664646;8;2480;969;4160
20;807609452;43,5465162;-5,6664654;8;2480;969;4160
20;807609453;43,5465171;-5,666465;8;2478;969;4160
20;807609454;43,5465168;-5,6664649;8;2477;969;4160
20;807609455;43,5465173;-5,6664646;8;2477;969;4160
20;807609456;43,5465178;-5,6664651;7;2477;969;4160
20;807609457;43,5465177;-5,6664659;8;2475;969;4160
20;807609458;43,5465171;-5,6664669;8;2475;969;4160
20;807609459;43,5465167;-5,6664683;7;2474;969;4160
20;807609460;43,5465168;-5,6664684;8;2474;969;4160
20;807609461;43,5465181;-5,666468;8;2472;969;4160
20;807609462;43,5465186;-5,6664679;8;2472;969;4160
20;807609463;43,5465188;-5,6664678;8;2471;969;4160
20;807609464;43,5465196;-5,6664668;8;2470;969;4160
20;807609465;43,5465207;-5,666467;8;2470;969;4160
20;807609466;43,5465208;-5,6664678;8;2469;969;4160
20;807609467;43,5465218;-5,6664678;8;2469;969;4160
20;807609468;43,5465229;-5,6664676;7;2469;969;4160
20;807609469;43,546523;-5,6664678;8;2467;969;4160
20;807609470;43,5465235;-5,6664676;8;2467;969;4160
20;807609471;43,5465233;-5,6664673;8;2465;969;4160
20;807609472;43,5465234;-5,6664687;8;2463;969;4160
20;807609473;43,5465234;-5,6664685;8;2461;969;4160
20;807609474;43,5465234;-5,6664694;8;2459;969;4160
20;807609475;43,5465237;-5,6664696;8;2457;969;4160
20;807609476;43,5465237;-5,6664693;8;2455;969;4160
20;807609477;43,5465248;-5,666469;8;2453;969;4160
20;807609478;43,5465242;-5,6664699;8;2453;969;4160
20;807609479;43,5465242;-5,6664705;8;2453;969;4160
20;807609480;43,5465244;-5,6664706;8;2453;969;4160
20;807609481;43,5465251;-5,6664705;8;2453;969;4160
20;807609482;43,5465257;-5,6664703;8;2452;969;4160
20;807609483;43,5465256;-5,6664707;8;2450;969;4160
20;807609484;43,5465263;-5,6664703;8;2449;969;4160
20;807609485;43,5465257;-5,6664695;8;2448;969;4160
20;807609486;43,546525;-5,6664689;8;2447;969;4160
20;807609487;43,5465239;-5,6664692;8;2446;969;4160
20;807609488;43,5465234;-5,6664697;8;2444;969;4160
20;807609489;43,5465338;-5,6664588;8;2442;969;4160
20;807609490;43,546543;-5,6664502;9;2440;969;4160
20;807609491;43,5465501;-5,6664423;9;2438;969;4160
20;807609492;43,5465535;-5,666438;8;2436;969;4160
20;807609493;43,5465572;-5,6664335;9;2434;969;4160
20;807609494;43,5465601;-5,6664295;9;2433;969;4160
20;807609495;43,5465619;-5,6664259;8;2431;969;4160
20;807609496;43,5465645;-5,6664248;9;2429;969;4157
20;807609497;43,5465674;-5,6664233;9;2428;969;4157
20;807609498;43,5465685;-5,6664219;8;2426;969;4157
20;807609499;43,5465691;-5,66642;9;2424;969;4157
20;807609500;43,5465697;-5,6664201;9;2422;969;4157
20;807609501;43,5465691;-5,6664205;8;2422;969;4157
20;807609502;43,546568;-5,6664211;9;2421;969;4157
20;807609503;43,5465672;-5,6664225;9;2419;969;4157
20;807609504;43,5465658;-5,6664229;8;2416;969;4157
20;807609505;43,5465642;-5,6664226;9;2415;969;4157
20;807609506;43,5465627;-5,6664236;9;2414;969;4157
20;807609507;43,5465607;-5,6664243;9;2413;969;4157
20;807609508;43,5465592;-5,6664252;9;2410;969;4157
20;807609509;43,5465574;-5,6664269;9;2410;969;4157
20;807609510;43,5465549;-5,666427;8;2409;969;4157
20;807609511;43,5465529;-5,6664272;9;2408;969;4157
20;807609512;43,5465512;-5,6664286;9;2406;969;4157
20;807609513;43,5465497;-5,6664297;8;2405;969;4157
20;807609514;43,546548;-5,6664306;9;2406;969;4157
20;807609515;43,546546;-5,6664307;9;2405;969;4157
20;807609516;43,5465444;-5,6664321;8;2405;969;4157
20;807609517;43,5465433;-5,6664332;8;2404;969;4157
20;807609518;43,5465417;-5,6664337;8;2404;969;4157
20;807609519;43,5465393;-5,6664337;9;2405;969;4157
20;807609520;43,5465379;-5,6664343;9;2404;969;4157
20;807609521;43,5465351;-5,6664339;9;2404;969;4157
20;807609522;43,5465343;-5,6664342;9;2404;969;4157
20;807609523;43,5465352;-5,6664309;9;2404;969;4157
20;807609524;43,5465406;-5,6664244;9;2402;969;4157
20;807609525;43,546546;-5,6664216;9;2403;969;4157
20;807609526;43,5465502;-5,6664245;9;2402;969;4157
20;807609527;43,5465507;-5,6664335;9;2404;969;4157
20;807609528;43,5465447;-5,6664363;9;2403;969;4157
20;807609529;43,5465386;-5,6664391;9;2400;969;4157
20;807609530;43,5465384;-5,6664413;9;2398;969;4157
20;807609531;43,5465381;-5,6664488;9;2398;969;4157
20;807609532;43,5465401;-5,6664569;9;2398;969;4157
20;807609533;43,5465434;-5,6664633;9;2397;969;4157
20;807609534;43,5465436;-5,6664634;9;2393;969;4157
20;807609535;43,5465427;-5,6664629;9;2388;969;4157
20;807609536;43,5465358;-5,6664581;9;2383;969;4157
20;807609537;43,546526;-5,6664523;9;2381;969;4157
20;807609538;43,5465189;-5,6664462;9;2382;969;4157
20;807609539;43,5465125;-5,666445;9;2381;969;4157
20;807609540;43,5465076;-5,6664477;9;2382;969;4157
20;807609541;43,546502;-5,6664476;9;2383;969;4157
20;807609542;43,5464955;-5,6664491;9;2382;969;4157
20;807609543;43,5464866;-5,6664508;9;2381;969;4157
20;807609544;43,5464762;-5,6664543;9;2376;969;4157
20;807609545;43,5464649;-5,6664527;8;2375;969;4157
20;807609546;43,5464551;-5,6664522;8;2373;969;4157
20;807609547;43,5464483;-5,6664569;8;2372;969;4157
20;807609548;43,5464385;-5,666459;8;2369;969;4157
20;807609549;43,546429;-5,6664606;8;2366;969;4157
20;807609550;43,5464201;-5,6664623;8;2365;969;4157
20;807609551;43,5464111;-5,6664618;8;2364;969;4157
20;807609552;43,5464007;-5,6664593;8;2361;969;4157
20;807609553;43,5463911;-5,6664571;9;2358;969;4157
20;807609554;43,5463874;-5,6664495;9;2360;969;4157
20;807609555;43,5463849;-5,6664439;8;2361;969;4157
20;807609556;43,5463831;-5,6664368;9;2364;969;4157
20;807609557;43,5463847;-5,6664322;9;2369;969;4157
20;807609558;43,5463862;-5,6664289;9;2371;969;4157
20;807609559;43,5463835;-5,6664295;8;2373;969;4157
20;807609560;43,5463815;-5,6664289;8;2374;969;4157
20;807609561;43,5463834;-5,6664235;8;2379;969;4157
20;807609562;43,5463881;-5,666416;8;2385;969;4157
20;807609563;43,5463867;-5,6664092;8;2385;969;4157
20;807609564;43,5463825;-5,6664089;8;2386;969;4157
20;807609565;43,5463814;-5,6664087;8;2387;969;4157
20;807609566;43,5463849;-5,6664048;9;2388;969;4157
20;807609567;43,5463856;-5,6664048;8;2390;969;4157
20;807609568;43,5463869;-5,6664036;8;2391;969;4157
20;807609569;43,54639;-5,6664034;9;2394;969;4157
20;807609570;43,5463923;-5,6664052;9;2396;969;4157
20;807609571;43,5463967;-5,6663964;9;2396;969;4157
20;807609572;43,5463989;-5,666388;9;2397;969;4157
20;807609573;43,5464083;-5,6663815;9;2398;969;4157
20;807609574;43,5464139;-5,6663744;9;2400;969;4157
20;807609575;43,5464162;-5,666372;9;2401;969;4157
20;807609576;43,5464185;-5,6663662;9;2403;969;4157
20;807609577;43,5464161;-5,6663616;9;2404;969;4157
20;807609578;43,5464193;-5,6663561;9;2407;969;4157
20;807609579;43,5464244;-5,6663499;9;2409;969;4157
20;807609580;43,5464294;-5,6663435;9;2411;969;4157
20;807609581;43,5464338;-5,6663383;9;2413;969;4157
20;807609582;43,5464326;-5,666339;8;2416;969;4157
20;807609583;43,546433;-5,6663367;9;2417;969;4157
20;807609584;43,5464329;-5,666333;9;2419;969;4157
20;807609585;43,5464342;-5,6663286;9;2421;969;4157
20;807609586;43,5464356;-5,6663238;9;2422;969;4157
20;807609587;43,5464398;-5,6663175;9;2424;969;4157
20;807609588;43,5464405;-5,6663187;8;2426;969;4157
20;807609589;43,5464406;-5,6663184;9;2428;969;4157
20;807609590;43,5464384;-5,6663175;9;2429;969;4157
20;807609591;43,546437;-5,6663141;9;2431;969;4157
20;807609592;43,5464358;-5,6663114;9;2433;969;4157
20;807609593;43,5464357;-5,6663095;9;2435;969;4157
20;807609594;43,5464324;-5,6663116;8;2437;969;4157
20;807609595;43,546428;-5,6663129;9;2439;969;4157
20;807609596;43,5464249;-5,6663149;9;2441;969;4157
20;807609597;43,5464219;-5,6663165;8;2443;969;4157
20;807609598;43,5464202;-5,6663204;9;2444;969;4157
20;807609599;43,5464169;-5,6663231;9;2445;969;4157
20;807609600;43,5464139;-5,6663263;8;2446;969;4157
20;807609601;43,5464114;-5,666331;9;2447;969;4157
20;807609602;43,5464101;-5,6663349;9;2449;969;4157
20;807609603;43,546407;-5,6663387;9;2450;969;4157
20;807609604;43,5464056;-5,6663421;9;2452;969;4157
20;807609605;43,5464039;-5,6663447;9;2452;969;4157
20;807609606;43,5464011;-5,6663481;9;2453;969;4157
20;807609607;43,5463981;-5,6663503;9;2454;969;4157
20;807609608;43,5463956;-5,6663526;9;2455;969;4157
20;807609609;43,5463941;-5,6663531;9;2456;969;4157
20;807609610;43,5463924;-5,6663542;9;2457;969;4157
20;807609611;43,5463914;-5,6663557;9;2457;969;4157
20;807609612;43,5463909;-5,6663557;9;2458;969;4157
20;807609613;43,5463908;-5,6663563;9;2458;969;4157
20;807609614;43,54639;-5,6663555;9;2458;969;4157
20;807609615;43,5463882;-5,666356;8;2459;969;4157
20;807609616;43,5463885;-5,66636;9;2460;969;4157
20;807609617;43,5463876;-5,6663622;9;2460;969;4157
20;807609618;43,5463869;-5,6663625;9;2461;969;4157
20;807609619;43,5463854;-5,6663646;9;2463;969;4157
20;807609620;43,546384;-5,6663674;9;2464;969;4157
20;807609621;43,546382;-5,6663685;9;2465;969;4157
20;807609622;43,5463796;-5,6663707;9;2466;969;4157
20;807609623;43,5463776;-5,6663722;9;2467;969;4157
20;807609624;43,5463765;-5,6663737;9;2468;969;4157
20;807609625;43,5463748;-5,6663747;10;2469;969;4157
20;807609626;43,5463741;-5,6663755;10;2470;969;4157
20;807609627;43,5463738;-5,6663748;10;2471;969;4157
20;807609628;43,5463738;-5,6663744;10;2471;969;4157
20;807609629;43,5463744;-5,6663746;10;2472;969;4157
20;807609630;43,5463752;-5,6663737;10;2473;969;4157
20;807609631;43,546375;-5,6663742;10;2474;969;4155
20;807609632;43,5463744;-5,6663749;10;2475;969;4155
20;807609633;43,5463728;-5,6663756;9;2476;969;4155
20;807609634;43,5463714;-5,6663768;10;2477;969;4155
20;807609635;43,5463695;-5,6663785;10;2477;969;4155
20;807609636;43,5463676;-5,6663794;10;2478;969;4155
20;807609637;43,5463652;-5,6663804;10;2479;969;4155
20;807609638;43,546363;-5,6663823;10;2480;969;4155
20;807609639;43,5463615;-5,666384;10;2481;969;4155
20;807609640;43,5463596;-5,6663846;10;2483;969;4155
20;807609641;43,5463582;-5,6663845;10;2483;969;4155
20;807609642;43,5463567;-5,6663838;10;2484;969;4155
20;807609643;43,5463553;-5,666384;10;2486;969;4155
20;807609644;43,546355;-5,6663834;10;2486;969;4155
20;807609645;43,5463552;-5,6663829;10;2488;969;4155
20;807609646;43,5463547;-5,6663813;10;2489;969;4155
20;807609647;43,5463536;-5,6663786;10;2489;969;4155
20;807609648;43,5463545;-5,6663751;10;2490;969;4155
20;807609649;43,546355;-5,6663719;10;2490;969;4155
20;807609650;43,5463556;-5,6663679;10;2491;969;4155
20;807609651;43,546356;-5,6663645;10;2491;969;4155
20;807609652;43,5463562;-5,6663611;10;2490;969;4155
20;807609653;43,5463563;-5,6663595;10;2491;969;4155
20;807609654;43,5463571;-5,6663567;10;2491;969;4155
20;807609655;43,5463578;-5,6663544;10;2493;969;4155
20;807609656;43,5463589;-5,6663506;10;2491;969;4155
20;807609657;43,5463601;-5,6663483;10;2493;969;4155
20;807609658;43,5463603;-5,6663482;9;2494;969;4155
20;807609659;43,5463605;-5,666348;9;2494;969;4155
20;807609660;43,5463611;-5,6663484;9;2494;969;4155
20;807609661;43,5463611;-5,6663485;9;2494;969;4155
20;807609662;43,5463613;-5,6663481;9;2493;969;4155
20;807609663;43,5463611;-5,6663486;9;2492;969;4155
20;807609664;43,5463612;-5,6663498;9;2492;969;4155
20;807609665;43,5463612;-5,6663506;9;2493;969;4155
20;807609666;43,5463611;-5,6663516;9;2493;969;4155
20;807609667;43,5463609;-5,6663523;9;2493;969;4155
20;807609668;43,5463607;-5,6663537;9;2495;969;4155
20;807609669;43,5463608;-5,6663552;9;2495;969;4155
20;807609670;43,5463605;-5,666356;9;2497;969;4155
20;807609671;43,5463605;-5,6663568;9;2498;969;4155
20;807609672;43,5463604;-5,6663585;9;2498;969;4155
20;807609673;43,5463599;-5,6663599;9;2498;969;4155
20;807609674;43,5463591;-5,6663602;9;2498;969;4155
